S #,Size,Component,UOM,Spec,Tolerance,Finding
1,XS,HPS Length,Inch,27,1/2,27 1/4
1,XS,Chest – 1” Below arm hole,Inch,16,1/2,16
1,XS,Front cross – 5” from HPS,Inch,13.625,1/2,13
1,XS,Neck width – seam to seam,Inch,6,1/4,6 '1/2
,,(Not including Rib Trim),,,,
1,XS,Sleeve length – from shoulder seam,Inch,7 '1/4,1/4,7
 , , , , , , 
2,XS,HPS Length,Inch,27,1/2,27 1/2
2,XS,Chest – 1” Below arm hole,Inch,16,1/2,16 '1/4
2,XS,Front cross – 5” from HPS,Inch,13.625,1/2,13 '1/4
2,XS,Neck width – seam to seam,Inch,6,1/4,6 '1/2
,,(Not including Rib Trim),,,,
2,XS,Sleeve length – from shoulder seam,Inch,7 '1/4,1/4,7 '1/2
 , , , , , , 
3,XS,HPS Length,Inch,27,1/2,27 1/2
3,XS,Chest – 1”  Below arm hole,Inch,16,1/2,16 '1/2
3,XS,Front cross – 5” from HPS,Inch,13.625,1/2,13 '1/2
3,XS,Neck width – seam to seam,Inch,6,1/4,6 '1/4
,,(Not including Rib Trim),,,,
3,XS,Sleeve length – from shoulder seam,Inch,7 '1/4,1/4,7 '1/2
 , , , , , , 
4,XS,HPS Length,Inch,27,1/2,27 1/2
4,XS,Chest – 1”  Below arm hole,Inch,16,1/2,16
4,XS,Front cross – 5” from HPS,Inch,13.625,1/2,13
4,XS,Neck width – seam to seam,Inch,6,1/4,6 '1/4
,,(Not including Rib Trim),,,,
4,XS,Sleeve length – from shoulder seam,Inch,7 '1/4,1/4,7 '1/2
 , , , , , , 
5,XS,HPS Length,Inch,27,1/2,27 1/2
5,XS,Chest – 1”  Below arm hole,Inch,16,1/2,16
5,XS,Front cross – 5” from HPS,Inch,13.625,1/2,13 '1/4
5,XS,Neck width – seam to seam,Inch,6,1/4,6 '1/4
,,(Not including Rib Trim),,,,
5,XS,Sleeve length – from shoulder seam,Inch,7 '1/4,1/4,7 '1/2
6,Small,HPS Length,Inch,28,1/2,28 1/4
6,Small,Chest – 1” Below arm hole,Inch,18,1/2,18 '1/2
6,Small,Front cross – 5” from HPS,Inch,15.375,1/2,16
6,Small,Neck width – seam to seam,Inch,6 '1/4,1/4,6 '1/2
,,(Not including Rib Trim),,,,
6,Small,Sleeve length – from shoulder seam,Inch,7.75,1/4,7 '3/4
 , , , , , , 
7,Small,HPS Length,Inch,28,1/2,28
7,Small,Chest – 1” Below arm hole,Inch,18,1/2,18 '1/2
7,Small,Front cross – 5” from HPS,Inch,15.375,1/2,15 '1/2
7,Small,Neck width – seam to seam,Inch,6 '1/4,1/4,6 '1/2
,,(Not including Rib Trim),,,,
7,Small,Sleeve length – from shoulder seam,Inch,7.75,1/4,7 '3/4
 , , , , , , 
8,Small,HPS Length,Inch,28,1/2,28
8,Small,Chest – 1” Below arm hole,Inch,18,1/2,18 '1/2
8,Small,Front cross – 5” from HPS,Inch,15.375,1/2,15 '3/4
8,Small,Neck width – seam to seam,Inch,6 '1/4,1/4,6 '3/4
,,(Not including Rib Trim),,,,
8,Small,Sleeve length – from shoulder seam,Inch,7 '3/4,1/4,7 '3/4
 , , , , , , 
9,Small,HPS Length,Inch,28,1/2,28
9,Small,Chest – 1” Below arm hole,Inch,18,1/2,18 '1/4
9,Small,Front cross – 5” from HPS,Inch,15.375,1/2,15 '3/4
9,Small,Neck width – seam to seam,Inch,6 '1/4,1/4,6 '1/4
,,(Not including Rib Trim),,,,
9,Small,Sleeve length – from shoulder seam,Inch,7 '3/4,1/4,7 '1/2
 , , , , , , 
10,Small,HPS Length,Inch,28,1/2,28
10,Small,Chest – 1” Below arm hole,Inch,18,1/2,18
10,Small,Front cross – 5” from HPS,Inch,15.375,1/2,15 '3/4
10,Small,Neck width – seam to seam,Inch,6 '1/4,1/4,6 '1/4
,,(Not including Rib Trim),,,,
10,Small,Sleeve length – from shoulder seam,Inch,7 '3/4,1/4,7 '1/2
 ,,,,,,
11,Medium,HPS Length,Inch,29,1/2,28 3/4
11,Medium,Chest – 1” Below arm hole,Inch,20,1/2,20
11,Medium,Front cross – 5” from HPS,Inch,17,1/2,17
11,Medium,Neck width – seam to seam,Inch,6 '1/2,1/4,6 '1/2
,,(Not including Rib Trim),,,,
11,Medium,Sleeve length – from shoulder seam,Inch,8 '1/4,1/4,8 '1/4
 , , , , , , 
12,Medium,HPS Length,Inch,29,1/2,29
12,Medium,Chest – 1” Below arm hole,Inch,20,1/2,20
12,Medium,Front cross – 5” from HPS,Inch,17,1/2,17
12,Medium,Neck width – seam to seam,Inch,6 '1/2,1/4,6 '3/4
,,(Not including Rib Trim),,,,
12,Medium,Sleeve length – from shoulder seam,Inch,8 '1/4,1/4,8 '1/4
 , , , , , , 
13,Medium,HPS Length,Inch,29,1/2,28
13,Medium,Chest – 1” Below arm hole,Inch,20,1/2,20
13,Medium,Front cross – 5” from HPS,Inch,17,1/2,17
13,Medium,Neck width – seam to seam,Inch,6 '1/2,1/4,6 '1/2
,,(Not including Rib Trim),,,,
13,Medium,Sleeve length – from shoulder seam,Inch,8 '1/4,1/4,8 '1/4
 , , , , , , 
14,Medium,HPS Length,Inch,29,1/2,29
14,Medium,Chest – 1” Below arm hole,Inch,20,1/2,20 '1/4
14,Medium,Front cross – 5” from HPS,Inch,17,1/2,17 '1/4
14,Medium,Neck width – seam to seam,Inch,6 '1/2,1/4,6 '1/2
,,(Not including Rib Trim),,,,
14,Medium,Sleeve length – from shoulder seam,Inch,8 '1/4,1/4,8 '1/4
 , , , , , , 
15,Medium,HPS Length,Inch,29,1/2,29
15,Medium,Chest – 1” Below arm hole,Inch,20,1/2,20 '1/4
15,Medium,Front cross – 5” from HPS,Inch,17,1/2,17
15,Medium,Neck width – seam to seam,Inch,6 '1/2,1/4,6 '1/2
,,(Not including Rib Trim),,,,
15,Medium,Sleeve length – from shoulder seam,Inch,8 '1/4,1/4,8 '1/4
 ,,,,,,
16,Medium,HPS Length,Inch,29,1/2,29 1/4
16,Medium,Chest – 1” Below arm hole,Inch,20,1/2,20
16,Medium,Front cross – 5” from HPS,Inch,17,1/2,17 '1/4
16,Medium,Neck width – seam to seam,Inch,6 '1/2,1/4,6 '1/2
,,(Not including Rib Trim),,,,
16,Medium,Sleeve length – from shoulder seam,Inch,8 '1/4,1/4,8 '1/4
 , , , , , , 
17,Medium,HPS Length,Inch,29,1/2,29
17,Medium,Chest – 1” Below arm hole,Inch,20,1/2,20 '1/4
17,Medium,Front cross – 5” from HPS,Inch,17,1/2,17 '1/4
17,Medium,Neck width – seam to seam,Inch,6 '1/2,1/4,6 '1/2
,,(Not including Rib Trim),,,,
17,Medium,Sleeve length – from shoulder seam,Inch,8 '1/4,1/4,8 '1/4
 , , , , , , 
18,Medium,HPS Length,Inch,29,1/2,29 1/4
18,Medium,Chest – 1” Below arm hole,Inch,20,1/2,20 '1/4
18,Medium,Front cross – 5” from HPS,Inch,17,1/2,17 '1/2
18,Medium,Neck width – seam to seam,Inch,6 '1/2,1/4,6 '3/4
,,(Not including Rib Trim),,,,
18,Medium,Sleeve length – from shoulder seam,Inch,8 '1/4,1/4,8 '1/2
 , , , , , , 
19,Medium,HPS Length,Inch,29,1/2,29
19,Medium,Chest – 1” Below arm hole,Inch,20,1/2,20 '1/4
19,Medium,Front cross – 5” from HPS,Inch,17,1/2,17 '1/2
19,Medium,Neck width – seam to seam,Inch,6 '1/2,1/4,6 '1/2
,,(Not including Rib Trim),,,,
19,Medium,Sleeve length – from shoulder seam,Inch,8 '1/4,1/4,8 '1/2
20,Large,HPS Length,Inch,30,1/2,30
20,Large,Chest – 1” Below arm hole,Inch,22,1/2,22 '1/2
20,Large,Front cross – 5” from HPS,Inch,18.625,1/2,18 '1/2
20,Large,Neck width – seam to seam,Inch,6 '3/4,1/4,7
,,(Not including Rib Trim),,,,
20,Large,Sleeve length – from shoulder seam,Inch,8 '3/4,1/4,8 '3/4
 , , , , , , 
21,Large,HPS Length,Inch,30,1/2,30
21,Large,Chest – 1” Below arm hole,Inch,22,1/2,22 '1/4
21,Large,Front cross – 5” from HPS,Inch,18.625,1/2,18
21,Large,Neck width – seam to seam,Inch,6 '3/4,1/4,7
,,(Not including Rib Trim),,,,
21,Large,Sleeve length – from shoulder seam,Inch,8 '3/4,1/4,8 '3/4
22,Large,HPS Length,Inch,30,1/2,30 1/4
22,Large,Chest – 1” Below arm hole,Inch,22,1/2,22 '1/4
22,Large,Front cross – 5” from HPS,Inch,18.625,1/2,17 '3/4
22,Large,Neck width – seam to seam,Inch,6 '3/4,1/4,6 '1/2
,,(Not including Rib Trim),,,,
22,Large,Sleeve length – from shoulder seam,Inch,8 '3/4,1/4,8 '3/4
 , , , , , , 
23,Large,HPS Length,Inch,30,1/2,30
23,Large,Chest – 1” Below arm hole,Inch,22,1/2,22 '1/2
23,Large,Front cross – 5” from HPS,Inch,18.625,1/2,18 '1/4
23,Large,Neck width – seam to seam,Inch,6 '3/4,1/4,7
,,(Not including Rib Trim),,,,
23,Large,Sleeve length – from shoulder seam,Inch,8 '3/4,1/4,8 '3/4
 , , , , , , 
24,Large,HPS Length,Inch,30,1/2,30 1/4
24,Large,Chest – 1” Below arm hole,Inch,22,1/2,22 '1/2
24,Large,Front cross – 5” from HPS,Inch,18.625,1/2,18 '3/4
24,Large,Neck width – seam to seam,Inch,6 '3/4,1/4,6 '3/4
,,(Not including Rib Trim),,,,
24,Large,Sleeve length – from shoulder seam,Inch,8 '3/4,1/4,8 '3/4
 ,,,,,,
25,Large,HPS Length,Inch,30,1/2,29 3/4
25,Large,Chest – 1” Below arm hole,Inch,22,1/2,22
25,Large,Front cross – 5” from HPS,Inch,18.625,1/2,18 '1/4
25,Large,Neck width – seam to seam,Inch,6 '3/4,1/4,6 '3/4
,,(Not including Rib Trim),,,,
25,Large,Sleeve length – from shoulder seam,Inch,8 '3/4,1/4,8 '1/2
 , , , , , , 
26,Large,HPS Length,Inch,30,1/2,30
26,Large,Chest – 1” Below arm hole,Inch,22,1/2,22 '1/2
26,Large,Front cross – 5” from HPS,Inch,18.625,1/2,18 '1/4
26,Large,Neck width – seam to seam,Inch,6 '3/4,1/4,6 '1/2
,,(Not including Rib Trim),,,,
26,Large,Sleeve length – from shoulder seam,Inch,8 '3/4,1/4,8 '1/2
 , , , , , , 
27,Large,HPS Length,Inch,30,1/2,30 1/4
27,Large,Chest – 1” Below arm hole,Inch,22,1/2,22
27,Large,Front cross – 5” from HPS,Inch,18.625,1/2,18 '1/4
27,Large,Neck width – seam to seam,Inch,6 '3/4,1/4,6 '3/4
,,(Not including Rib Trim),,,,
27,Large,Sleeve length – from shoulder seam,Inch,8 '3/4,1/4,8 '1/2
 , , , , , , 
28,Large,HPS Length,Inch,30,1/2,29 3/4
28,Large,Chest – 1” Below arm hole,Inch,22,1/2,22 '1/4
28,Large,Front cross – 5” from HPS,Inch,18.625,1/2,18 '1/4
28,Large,Neck width – seam to seam,Inch,6 '3/4,1/4,6 '1/2
,,(Not including Rib Trim),,,,
28,Large,Sleeve length – from shoulder seam,Inch,8 '3/4,1/4,8 '1/2
 , , , , , , 
29,Large,HPS Length,Inch,30,1/2,30 1/4
29,Large,Chest – 1” Below arm hole,Inch,22,1/2,22 '1/4
29,Large,Front cross – 5” from HPS,Inch,18.625,1/2,18 '1/4
29,Large,Neck width – seam to seam,Inch,6 '3/4,1/4,6 '3/4
,,(Not including Rib Trim),,,,
29,Large,Sleeve length – from shoulder seam,Inch,8 '3/4,1/4,8 '1/2
 ,,,,,,
30,Large,HPS Length,Inch,30,1/2,29 1/2
30,Large,Chest – 1” Below arm hole,Inch,22,1/2,22 '1/4
30,Large,Front cross – 5” from HPS,Inch,18.625,1/2,18 '3/4
30,Large,Neck width – seam to seam,Inch,6 '3/4,1/4,6 '1/2
,,(Not including Rib Trim),,,,
30,Large,Sleeve length – from shoulder seam,Inch,8 '3/4,1/4,8 '1/2
 ,,,,,,
31,XL,HPS Length,Inch,31,1/2,31 3/4
31,XL,Chest – 1” Below arm hole,Inch,24,1/2,24 '1/2
31,XL,Front cross – 5” from HPS,Inch,20 '1/4,1/2,20 '1/2
31,XL,Neck width – seam to seam,Inch,7,1/4,7
,,(Not including Rib Trim),,,,
31,XL,Sleeve length – from shoulder seam,Inch,9 '1/4,1/4,9 '1/4
 , , , , , , 
32,XL,HPS Length,Inch,31,1/2,31
32,XL,Chest – 1” Below arm hole,Inch,24,1/2,24 '1/2
32,XL,Front cross – 5” from HPS,Inch,20 '1/4,1/2,20 '1/4
32,XL,Neck width – seam to seam,Inch,7,1/4,7
,,(Not including Rib Trim),,,,
32,XL,Sleeve length – from shoulder seam,Inch,9 '1/4,1/4,9 '1/4
 , , , , , , 
33,XL,HPS Length,Inch,31,1/2,31 1/2
33,XL,Chest – 1” Below arm hole,Inch,24,1/2,25
33,XL,Front cross – 5” from HPS,Inch,20 '1/4,1/2,20 '1/2
33,XL,Neck width – seam to seam,Inch,7,1/4,7 '1/4
,,(Not including Rib Trim),,,,
33,XL,Sleeve length – from shoulder seam,Inch,9 '1/4,1/4,9 '1/2
 , , , , , , 
34,XL,HPS Length,Inch,31,1/2,31 1/2
34,XL,Chest – 1” Below arm hole,Inch,24,1/2,24 '3/4
34,XL,Front cross – 5” from HPS,Inch,20 '1/4,1/2,20 '1/4
34,XL,Neck width – seam to seam,Inch,7,1/4,7 '1/4
,,(Not including Rib Trim),,,,
34,XL,Sleeve length – from shoulder seam,Inch,9 '1/4,1/4,9 '1/4
 ,,,,,,
35,XL,HPS Length,Inch,31,1/2,31 1/2
35,XL,Chest – 1” Below arm hole,Inch,24,1/2,24 '3/4
35,XL,Front cross – 5” from HPS,Inch,20 '1/4,1/2,20 '1/2
35,XL,Neck width – seam to seam,Inch,7,1/4,7
,,(Not including Rib Trim),,,,
35,XL,Sleeve length – from shoulder seam,Inch,9 '1/4,1/4,9 '1/4
 , , , , , , 
36,XL,HPS Length,Inch,31,1/2,31 1/2
36,XL,Chest – 1” Below arm hole,Inch,24,1/2,24 '1/2
36,XL,Front cross – 5” from HPS,Inch,20 '1/4,1/2,20 '1/2
36,XL,Neck width – seam to seam,Inch,7,1/4,7
,,(Not including Rib Trim),,,,
36,XL,Sleeve length – from shoulder seam,Inch,9 '1/4,1/4,9 '1/4
 , , , , , , 
37,XL,HPS Length,Inch,31,1/2,31
37,XL,Chest – 1” Below arm hole,Inch,24,1/2,24 '3/4
37,XL,Front cross – 5” from HPS,Inch,20 '1/4,1/2,20 '1/4
37,XL,Neck width – seam to seam,Inch,7,1/4,7
,,(Not including Rib Trim),,,,
37,XL,Sleeve length – from shoulder seam,Inch,9 '1/4,1/4,9 '1/2
 , , , , , , 
38,XL,HPS Length,Inch,31,1/2,31 1/4
38,XL,Chest – 1” Below arm hole,Inch,24,1/2,24 '1/2
38,XL,Front cross – 5” from HPS,Inch,20 '1/4,1/2,20 '1/4
38,XL,Neck width – seam to seam,Inch,7,1/4,7 '1/4
,,(Not including Rib Trim),,,,
38,XL,Sleeve length – from shoulder seam,Inch,9 '1/4,1/4,9 '1/2
 , , , , , , 
39,XL,HPS Length,Inch,31,1/2,31 1/4
39,XL,Chest – 1” Below arm hole,Inch,24,1/2,24 '1/2
39,XL,Front cross – 5” from HPS,Inch,20 '1/4,1/2,20 '1/4
39,XL,Neck width – seam to seam,Inch,7,1/4,7
,,(Not including Rib Trim),,,,
39,XL,Sleeve length – from shoulder seam,Inch,9 '1/4,1/4,9 '1/2
 ,,,,,,
40,XL,HPS Length,Inch,31,1/2,31 1/4
40,XL,Chest – 1” Below arm hole,Inch,24,1/2,24 '1/2
40,XL,Front cross – 5” from HPS,Inch,20 '1/4,1/2,20 '1/4
40,XL,Neck width – seam to seam,Inch,7,1/4,7
,,(Not including Rib Trim),,,,
40,XL,Sleeve length – from shoulder seam,Inch,9 '1/4,1/4,9 '1/4
 ,,,,,,
41,2XL,HPS Length,Inch,32,1/2,32 1/4
41,2XL,Chest – 1” Below arm hole,Inch,26,1/2,26 '1/2
41,2XL,Front cross – 5” from HPS,Inch,21.875,1/2,21 '3/4
41,2XL,Neck width – seam to seam,Inch,7 '1/4,1/4,7 '1/4
,,(Not including Rib Trim),,,,
41,2XL,Sleeve length – from shoulder seam,Inch,9 '3/4,1/4,9 '1/2
 , , , , , , 
42,2XL,HPS Length,Inch,32,1/2,31 1/4
42,2XL,Chest – 1” Below arm hole,Inch,26,1/2,26 '1/2
42,2XL,Front cross – 5” from HPS,Inch,21.875,1/2,21 '1/2
42,2XL,Neck width – seam to seam,Inch,7 '1/4,1/4,7 '1/4
,,(Not including Rib Trim),,,,
42,2XL,Sleeve length – from shoulder seam,Inch,9 '3/4,1/4,9 '1/2
 , , , , , , 
43,2XL,HPS Length,Inch,32,1/2,32 1/4
43,2XL,Chest – 1” Below arm hole,Inch,26,1/2,26 '1/4
43,2XL,Front cross – 5” from HPS,Inch,21.875,1/2,21 '3/4
43,2XL,Neck width – seam to seam,Inch,7 '1/4,1/4,7 '1/4
,,(Not including Rib Trim),,,,
43,2XL,Sleeve length – from shoulder seam,Inch,9 '3/4,1/4,9 '3/4
 , , , , , , 
44,2XL,HPS Length,Inch,32,1/2,32 1/2
44,2XL,Chest – 1” Below arm hole,Inch,26,1/2,26
44,2XL,Front cross – 5” from HPS,Inch,21.875,1/2,21 '3/4
44,2XL,Neck width – seam to seam,Inch,7 '1/4,1/4,7 '1/4
,,(Not including Rib Trim),,,,
44,2XL,Sleeve length – from shoulder seam,Inch,9 '3/4,1/4,9 '1/2
 ,,,,,,
45,2XL,HPS Length,Inch,32,1/2,32 3/4
45,2XL,Chest – 1” Below arm hole,Inch,26,1/2,26 '1/4
45,2XL,Front cross – 5” from HPS,Inch,21.875,1/2,21 '3/4
45,2XL,Neck width – seam to seam,Inch,7 '1/4,1/4,7 '1/4
,,(Not including Rib Trim),,,,
45,2XL,Sleeve length – from shoulder seam,Inch,9 '3/4,1/4,9 '1/2
 , , , , , , 
46,2XL,HPS Length,Inch,32,1/2,32 1/2
46,2XL,Chest – 1” Below arm hole,Inch,26,1/2,26 '1/4
46,2XL,Front cross – 5” from HPS,Inch,21.875,1/2,21 '3/4
46,2XL,Neck width – seam to seam,Inch,7 '1/4,1/4,7 '1/2
,,(Not including Rib Trim),,,,
46,2XL,Sleeve length – from shoulder seam,Inch,9 '3/4,1/4,9 '1/2
47,3XL,HPS Length,Inch,33,1/2,33 1/4
47,3XL,Chest – 1” Below arm hole,Inch,28,1/2,29
47,3XL,Front cross – 5” from HPS,Inch,23 '1/2,1/2,23 '1/2
47,3XL,Neck width – seam to seam,Inch,7 '1/2,1/4,7 '1/2
,,(Not including Rib Trim),,,,
47,3XL,Sleeve length – from shoulder seam,Inch,10 '1/4,1/4,10 '1/2
 , , , , , , 
48,3XL,HPS Length,Inch,33,1/2,33
48,3XL,Chest – 1” Below arm hole,Inch,28,1/2,28 '1/4
48,3XL,Front cross – 5” from HPS,Inch,23 '1/2,1/2,23 '1/2
48,3XL,Neck width – seam to seam,Inch,7 '1/2,1/4,7 '1/2
,,(Not including Rib Trim),,,,
48,3XL,Sleeve length – from shoulder seam,Inch,10 '1/4,1/4,10
 ,,,,,,
49,3XL,HPS Length,Inch,33,1/2,33 1/2
49,3XL,Chest – 1” Below arm hole,Inch,28,1/2,28 '1/4
49,3XL,Front cross – 5” from HPS,Inch,23 '1/2,1/2,23 '3/4
49,3XL,Neck width – seam to seam,Inch,7 '1/2,1/4,7 '1/2
,,(Not including Rib Trim),,,,
49,3XL,Sleeve length – from shoulder seam,Inch,10 '1/4,1/4,10 '1/2
 , , , , , , 
50,3XL,HPS Length,Inch,33,1/2,33 1/2
50,3XL,Chest – 1” Below arm hole,Inch,28,1/2,28 '1/4
50,3XL,Front cross – 5” from HPS,Inch,23 '1/2,1/2,23 '1/2
50,3XL,Neck width – seam to seam,Inch,7 '1/2,1/4,7 '1/2
,,(Not including Rib Trim),,,,
50,3XL,Sleeve length – from shoulder seam,Inch,10 '1/4,1/4,10 '1/2
